[
 
  {
    "target": "#experts-view",
    "widgetType": "list-view",
    "title": "Expert's View",
    "gridArea": "2/1/7/4",
    "backgroundImage": "url('images/Mask Group 10.PNG')",
    "data": {
        "filter-count":23.45,
        "percentage": -300
    }
  },
  {
    "target": "#total-sales",
    "widgetType": "data-count",
    "title": "Totol Employees",
    "gridArea": "2/4/4/7",
    "backgroundImage": "url('images/Mask Group 14.PNG')",
    "data": {
        "filter-count":11.36,
        "percentage": -20
    }
  },
  {
    "target": "#total-customers",
    "widgetType": "data-count",
    "title": "Filtered Employees",
    "gridArea": "2/7/4/10",
    "backgroundImage": "url('images/Mask Group 12.PNG')",
    "data": {
        "filter-count":23.45,
        "percentage":"+12.34"
    }
  },
  {
    "target": "#orders-received",
    "widgetType": "data-count",
    "title": "Filtered Employees (India)",
    "gridArea": "2/10/4/13",
    "backgroundImage": "url('images/Mask Group 11.PNG')",
    "data": {
        "filter-count":23.45,
        "percentage": "+12.34"
    }
  }
]
