[{
    "revenue": 5000,
    "month": "01"
    }, {
    "revenue": 2612,
    "month": "02"
    }, {
    "revenue": 2908,
    "month": "03"
    }, {
    "revenue": 2000,
    "month": "04"
    }, {
    "revenue": 2908,
    "month": "05"
    }, {
    "revenue": 4000,
    "month": "06"
    }, {
    "revenue": 3000,
    "month": "07"
    }, {
    "revenue": 1000,
    "month": "08"
    }, {
    "revenue": 1500,
    "month": "09"
    }, {
    "revenue": 3300,
    "month": "10"
    }, {
    "revenue": 4000,
    "month": "11"
    }, {
    "revenue": 2500,
    "month": "12"
    }]